create database sem_5_project;

use sem_5_project;

CREATE TABLE
    criminal_records (
        criminal_id INT PRIMARY KEY AUTO_INCREMENT,
        photo varchar(255) DEFAULT NULL,
        name VARCHAR(100) NOT NULL,
        aadhar_card BIGINT DEFAULT null,
        address TEXT DEFAULT NULL,
        city VARCHAR(50),
        state VARCHAR(50),
        date_of_birth DATE,
        jail_address TEXT DEFAULT NULL,
        jail_city varchar(50),
        jail_state VARCHAR(50),
        phone_no bigint DEFAULT NULL,
        crime VARCHAR(255) NOT NULL,
        date_of_arrest DATE NOT NULL,
        sentence_duration INT, -- in months
        status VARCHAR(50), -- e.g., 'Incarcerated', 'Released', 'Probation'
        description TEXT DEFAULT NULL,
        gender VARCHAR(10) DEFAULT 'Male' -- Male or Female
    );

CREATE TABLE police (
    police_id VARCHAR(50) PRIMARY KEY,
    photo VARCHAR(255) DEFAULT NULL,
    aadhar_card BIGINT,
    password VARCHAR(255),
    full_name VARCHAR(255),
    phone_no BIGINT DEFAULT NULL,
    email VARCHAR(255) DEFAULT NULL,
    address TEXT DEFAULT NULL,
    city VARCHAR(255),
    state VARCHAR(255),
    blood_group VARCHAR(10) DEFAULT NULL,
    post VARCHAR(255),
    speciality VARCHAR(255) DEFAULT NULL,
    description TEXT DEFAULT NULL,
    gender VARCHAR(10) DEFAULT 'Male', -- Male or Female
    occupied BOOLEAN DEFAULT FALSE,
    complaint_id INT DEFAULT NULL
);
    

CREATE TABLE
    public (
        id INT AUTO_INCREMENT PRIMARY KEY,
        photo varchar(255),
        aadharcardno BIGINT,
        password varchar(255),
        email varchar(255) default NULL,
        phoneno BIGINT,
        fullName VARCHAR(255),
        address VARCHAR(255),
        city VARCHAR(50),
        state VARCHAR(50)
    );

CREATE TABLE
    ticket (
        complaint_id INT AUTO_INCREMENT PRIMARY KEY,
        complainant_name VARCHAR(100) NOT NULL,
        public_id int,
        FOREIGN KEY (public_id) REFERENCES public (id),
        crime_type VARCHAR(50) NOT NULL,
        crime_description TEXT NOT NULL,
        crime_location VARCHAR(255),
        city VARCHAR(50),
        state VARCHAR(50),
        crime_date DATE NOT NULL,
        status VARCHAR(50) DEFAULT 'Pending',
        date_filed TIMESTAMP DEFAULT CURRENT_TIMESTAMP,
        last_updated TIMESTAMP DEFAULT CURRENT_TIMESTAMP ON UPDATE CURRENT_TIMESTAMP
    );

INSERT INTO
    criminal_records (
        photo,
        name,
        aadhar_card,
        address,
        city,
        state,
        date_of_birth,
        jail_address,
        jail_city,
        jail_state,
        phone_no,
        crime,
        date_of_arrest,
        sentence_duration,
        status,
        description,
        gender
    )
VALUES
    (
        'https://randomuser.me/api/portraits/men/4.jpg',
        'Mark Wilson',
        123456789012,
        '789 Pine St',
        'New York',
        'NY',
        '1985-06-15',
        'Jail Block A',
        'New York',
        'NY',
        9876543210,
        'Armed Robbery',
        '2022-05-10',
        36,
        'Incarcerated',
        'Convicted for a bank robbery in downtown Manhattan',
        'Male'
    ),
    (
        'https://randomuser.me/api/portraits/women/5.jpg',
        'Lucy Brown',
        987654321098,
        '123 Oak St',
        'Los Angeles',
        'CA',
        '1990-02-20',
        'Jail Block C',
        'Los Angeles',
        'CA',
        8765432109,
        'Fraud',
        '2021-11-05',
        24,
        'Released',
        'Served time for financial fraud involving embezzlement',
        'Female'
    ),
    (
        'https://randomuser.me/api/portraits/men/6.jpg',
        'Kevin Smith',
        456789012345,
        '456 Birch St',
        'Chicago',
        'IL',
        '1978-09-30',
        'Jail Block B',
        'Chicago',
        'IL',
        7654321098,
        'Drug Trafficking',
        '2023-01-20',
        60,
        'Incarcerated',
        'Caught during a drug smuggling operation',
        'Male'
    ),
    (
        'https://randomuser.me/api/portraits/men/7.jpg',
        'Rahul Mehta',
        123456789017,
        '123 Green St',
        'Mumbai',
        'Maharashtra',
        '1980-01-01',
        'Jail Block A',
        'Mumbai',
        'Maharashtra',
        9876543215,
        'Theft',
        '2023-01-01',
        12,
        'Incarcerated',
        'Convicted for theft in a residential area',
        'Male'
    ),
    (
        'https://randomuser.me/api/portraits/women/8.jpg',
        'Sneha Kapoor',
        987654321103,
        '456 Blue Ave',
        'Delhi',
        'Delhi',
        '1990-02-02',
        'Jail Block B',
        'Delhi',
        'Delhi',
        9123456784,
        'Fraud',
        '2022-02-02',
        24,
        'Released',
        'Served time for financial fraud',
        'Female'
    ),
    (
        'https://randomuser.me/api/portraits/men/9.jpg',
        'Amit Tiwari',
        654321987659,
        '789 Lotus Apartments',
        'Jaipur',
        'Rajasthan',
        '1985-03-03',
        'Jail Block C',
        'Jaipur',
        'Rajasthan',
        9988776650,
        'Robbery',
        '2021-03-03',
        36,
        'Incarcerated',
        'Convicted for armed robbery',
        'Male'
    ),
    (
        'https://randomuser.me/api/portraits/women/10.jpg',
        'Pooja Singh',
        123456789018,
        '12 Rose St',
        'Lucknow',
        'Uttar Pradesh',
        '1995-04-04',
        'Jail Block D',
        'Lucknow',
        'Uttar Pradesh',
        9876543216,
        'Assault',
        '2020-04-04',
        18,
        'Released',
        'Served time for physical assault',
        'Female'
    ),
    (
        'https://randomuser.me/api/portraits/men/11.jpg',
        'Vikas Sharma',
        987654321104,
        '34 Tulip Lane',
        'Patna',
        'Bihar',
        '1988-05-05',
        'Jail Block E',
        'Patna',
        'Bihar',
        9123456783,
        'Drug Trafficking',
        '2019-05-05',
        60,
        'Incarcerated',
        'Caught during a drug smuggling operation',
        'Male'
    ),
    (
        'https://randomuser.me/api/portraits/women/12.jpg',
        'Anita Rao',
        654321987660,
        '56 Lily Lane',
        'Hyderabad',
        'Telangana',
        '1992-06-06',
        'Jail Block F',
        'Hyderabad',
        'Telangana',
        9988776649,
        'Cyber Crime',
        '2018-06-06',
        48,
        'Incarcerated',
        'Convicted for hacking and identity theft',
        'Female'
    ),
    (
        'https://randomuser.me/api/portraits/men/13.jpg',
        'Rohan Gupta',
        123456789019,
        '78 Violet Apartments',
        'Chennai',
        'Tamil Nadu',
        '1983-07-07',
        'Jail Block G',
        'Chennai',
        'Tamil Nadu',
        9876543217,
        'Murder',
        '2017-07-07',
        120,
        'Incarcerated',
        'Convicted for first-degree murder',
        'Male'
    ),
    (
        'https://randomuser.me/api/portraits/women/14.jpg',
        'Kavya Nair',
        987654321105,
        '90 Marigold St',
        'Kochi',
        'Kerala',
        '1997-08-08',
        'Jail Block H',
        'Kochi',
        'Kerala',
        9123456782,
        'Kidnapping',
        '2016-08-08',
        72,
        'Incarcerated',
        'Convicted for kidnapping and ransom',
        'Female'
    ),
    (
        'https://randomuser.me/api/portraits/men/15.jpg',
        'Manoj Verma',
        654321987661,
        '12 Hibiscus Lane',
        'Kolkata',
        'West Bengal',
        '1987-09-09',
        'Jail Block I',
        'Kolkata',
        'West Bengal',
        9988776648,
        'Extortion',
        '2015-09-09',
        48,
        'Incarcerated',
        'Convicted for extortion and blackmail',
        'Male'
    ),
    (
        'https://randomuser.me/api/portraits/women/16.jpg',
        'Ritu Das',
        123456789020,
        '34 Magnolia Apartments',
        'Guwahati',
        'Assam',
        '1993-10-10',
        'Jail Block J',
        'Guwahati',
        'Assam',
        9876543218,
        'Arson',
        '2014-10-10',
        36,
        'Released',
        'Served time for arson and property damage',
        'Female'
    ),
    (
        'https://randomuser.me/api/portraits/men/17.jpg',
        'Sanjay Khanna',
        987654321106,
        '56 Orchid Lane',
        'Surat',
        'Gujarat',
        '1982-11-11',
        'Jail Block K',
        'Surat',
        'Gujarat',
        9123456781,
        'Burglary',
        '2013-11-11',
        24,
        'Released',
        'Served time for burglary in a commercial area',
        'Male'
    ),
    (
        'https://randomuser.me/api/portraits/women/18.jpg',
        'Nidhi Jain',
        654321987662,
        '78 Jasmine Apartments',
        'Bangalore',
        'Karnataka',
        '1996-12-12',
        'Jail Block L',
        'Bangalore',
        'Karnataka',
        9988776647,
        'Forgery',
        '2012-12-12',
        30,
        'Released',
        'Served time for document forgery and fraud',
        'Female'
    );

INSERT INTO
    police (
        police_id,
        photo,
        aadhar_card,
        password,
        full_name,
        phone_no,
        email,
        address,
        city,
        state,
        blood_group,
        post,
        speciality,
        description,
        gender
    )
VALUES
    (
        'P001',
        'https://randomuser.me/api/portraits/men/1.jpg',
        123456789012,
        '$2b$10$T5ZMl.yht6ctktUvDw1RQOU99PoxAF99gRs.7C5JFJ3W.g//6yvIO',
        'Raj Kumar Singh',
        9876543210,
        'raj.kumar@singh.com',
        '123, Main Street',
        'Mumbai',
        'Maharashtra',
        'O+',
        'Inspector',
        'Cyber Crime',
        'Expert in cyber crime investigations',
        'Male'
    ),
    (
        'P002',
        'https://randomuser.me/api/portraits/women/2.jpg',
        987654321098,
        '$2b$10$.YaGOydUJ47d/t9U7iJP9OSyOvqGSzFu13FEzfthq4sqnr84hRDIe',
        'Neha Sharma',
        9123456789,
        'neha.sharma@example.com',
        '456, Park Avenue',
        'Delhi',
        'Delhi',
        'A-',
        'Sub-Inspector',
        'Forensic Expert',
        'Specialized in forensic evidence handling',
        'Female'
    ),
    (
        'P003',
        'https://randomuser.me/api/portraits/men/3.jpg',
        654321987654,
        '$2b$10$zyV59XLIo.MfSmo2plbxDeYK3FZzkOyppfxL/v1zv2xSvh.YFkhki',
        'Amit Patel',
        9988776655,
        'amit.patel@example.com',
        '789, Lotus Apartments',
        'Ahmedabad',
        'Gujarat',
        'B+',
        'Head Constable',
        'Traffic Management',
        'Experienced in traffic and crowd control operations',
        'Male'
    ),
    (
        'P004',
        'https://randomuser.me/api/portraits/men/4.jpg',
        123456789013,
        '$2b$10$abcd1234abcd1234abcd1234abcd1234abcd1234abcd1234abcd12',
        'Ravi Kumar',
        9876543211,
        'ravi.kumar@example.com',
        '12, Green Street',
        'Pune',
        'Maharashtra',
        'B+',
        'Inspector',
        'Homicide',
        'Expert in homicide investigations',
        'Male'
    ),
    (
        'P005',
        'https://randomuser.me/api/portraits/women/5.jpg',
        987654321099,
        '$2b$10$abcd1234abcd1234abcd1234abcd1234abcd1234abcd1234abcd12',
        'Priya Sharma',
        9123456788,
        'priya.sharma@example.com',
        '34, Blue Avenue',
        'Bangalore',
        'Karnataka',
        'A-',
        'Sub-Inspector',
        'Cyber Security',
        'Specialized in cyber security operations',
        'Female'
    ),
    (
        'P006',
        'https://randomuser.me/api/portraits/men/6.jpg',
        654321987655,
        '$2b$10$abcd1234abcd1234abcd1234abcd1234abcd1234abcd1234abcd12',
        'Arjun Singh',
        9988776654,
        'arjun.singh@example.com',
        '56, Lotus Apartments',
        'Jaipur',
        'Rajasthan',
        'O+',
        'Head Constable',
        'Traffic Management',
        'Experienced in traffic and crowd control operations',
        'Male'
    ),
    (
        'P007',
        'https://randomuser.me/api/portraits/women/7.jpg',
        123456789014,
        '$2b$10$abcd1234abcd1234abcd1234abcd1234abcd1234abcd1234abcd12',
        'Meera Nair',
        9876543212,
        'meera.nair@example.com',
        '78, Rose Street',
        'Kochi',
        'Kerala',
        'AB+',
        'Inspector',
        'Forensic Analysis',
        'Expert in forensic evidence analysis',
        'Female'
    ),
    (
        'P008',
        'https://randomuser.me/api/portraits/men/8.jpg',
        987654321100,
        '$2b$10$abcd1234abcd1234abcd1234abcd1234abcd1234abcd1234abcd12',
        'Vikram Patel',
        9123456787,
        'vikram.patel@example.com',
        '90, Orchid Lane',
        'Surat',
        'Gujarat',
        'B-',
        'Sub-Inspector',
        'Drug Enforcement',
        'Specialized in drug enforcement operations',
        'Male'
    ),
    (
        'P009',
        'https://randomuser.me/api/portraits/women/9.jpg',
        654321987656,
        '$2b$10$abcd1234abcd1234abcd1234abcd1234abcd1234abcd1234abcd12',
        'Anjali Gupta',
        9988776653,
        'anjali.gupta@example.com',
        '12, Jasmine Apartments',
        'Lucknow',
        'Uttar Pradesh',
        'A+',
        'Head Constable',
        'Community Policing',
        'Experienced in community policing initiatives',
        'Female'
    ),
    (
        'P010',
        'https://randomuser.me/api/portraits/men/10.jpg',
        123456789015,
        '$2b$10$abcd1234abcd1234abcd1234abcd1234abcd1234abcd1234abcd12',
        'Ramesh Yadav',
        9876543213,
        'ramesh.yadav@example.com',
        '34, Tulip Street',
        'Patna',
        'Bihar',
        'O-',
        'Inspector',
        'Anti-Terrorism',
        'Expert in anti-terrorism operations',
        'Male'
    ),
    (
        'P011',
        'https://randomuser.me/api/portraits/women/11.jpg',
        987654321101,
        '$2b$10$abcd1234abcd1234abcd1234abcd1234abcd1234abcd1234abcd12',
        'Kavita Rao',
        9123456786,
        'kavita.rao@example.com',
        '56, Lily Lane',
        'Hyderabad',
        'Telangana',
        'AB-',
        'Sub-Inspector',
        'Fraud Investigation',
        'Specialized in financial fraud investigations',
        'Female'
    ),
    (
        'P012',
        'https://randomuser.me/api/portraits/men/12.jpg',
        654321987657,
        '$2b$10$abcd1234abcd1234abcd1234abcd1234abcd1234abcd1234abcd12',
        'Suresh Menon',
        9988776652,
        'suresh.menon@example.com',
        '78, Violet Apartments',
        'Chennai',
        'Tamil Nadu',
        'B+',
        'Head Constable',
        'Patrol Operations',
        'Experienced in patrol and surveillance operations',
        'Male'
    ),
    (
        'P013',
        'https://randomuser.me/api/portraits/women/13.jpg',
        123456789016,
        '$2b$10$abcd1234abcd1234abcd1234abcd1234abcd1234abcd1234abcd12',
        'Nisha Verma',
        9876543214,
        'nisha.verma@example.com',
        '90, Marigold Street',
        'Indore',
        'Madhya Pradesh',
        'A-',
        'Inspector',
        'Child Protection',
        'Expert in child protection cases',
        'Female'
    ),
    (
        'P014',
        'https://randomuser.me/api/portraits/men/14.jpg',
        987654321102,
        '$2b$10$abcd1234abcd1234abcd1234abcd1234abcd1234abcd1234abcd12',
        'Rajesh Khanna',
        9123456785,
        'rajesh.khanna@example.com',
        '12, Hibiscus Lane',
        'Kolkata',
        'West Bengal',
        'O+',
        'Sub-Inspector',
        'Counterfeit Investigation',
        'Specialized in counterfeit goods investigations',
        'Male'
    ),
    (
        'P015',
        'https://randomuser.me/api/portraits/women/15.jpg',
        654321987658,
        '$2b$10$abcd1234abcd1234abcd1234abcd1234abcd1234abcd1234abcd12',
        'Sunita Das',
        9988776651,
        'sunita.das@example.com',
        '34, Magnolia Apartments',
        'Guwahati',
        'Assam',
        'AB+',
        'Head Constable',
        'Public Relations',
        'Experienced in public relations and community outreach',
        'Female'
    );

INSERT INTO
    public (
        photo,
        aadharcardno,
        password,
        email,
        phoneno,
        fullName,
        address,
        city,
        state
    )
VALUES
    (
        'photo1.jpg',
        123456789012,
        '$2b$10$BCAc9CQdTwEIJ/WX1GTTKehzRZLz.DcAns6f17xWFUKv.IBCeZ63i',
        'johndoe@example.com',
        9876543210,
        'John Doe',
        '123 Park Ave',
        'New York',
        'NY'
    ),
    (
        'photo2.jpg',
        987654321098,
        '$2b$10$VK4OAgEXpTTdAk00R78cfe7VqFZPRxn2FYtA14QgzIUQrJEjssI76',
        'janesmith@example.com',
        8765432109,
        'Jane Smith',
        '456 Main St',
        'Los Angeles',
        'CA'
    ),
    (
        'photo3.jpg',
        456789012345,
        '$2b$10$lAy9MhjKvrh5gEzIFqeZoOeM1laEdKRpDJCGtuv2Y/1GtWAGpOwNO',
        'alexjohnson@example.com',
        7654321098,
        'Alex Johnson',
        '789 Elm St',
        'Chicago',
        'IL'
    ),
    (
        'photo4.jpg',
        123456789013,
        'password_hash',
        'michael.brown@example.com',
        9876543211,
        'Michael Brown',
        '789 Pine St',
        'Los Angeles',
        'CA'
    ),
    (
        'photo5.jpg',
        987654321099,
        'password_hash',
        'emily.davis@example.com',
        9123456788,
        'Emily Davis',
        '123 Oak St',
        'San Francisco',
        'CA'
    ),
    (
        'photo6.jpg',
        654321987654,
        'password_hash',
        'david.wilson@example.com',
        9988776655,
        'David Wilson',
        '456 Birch St',
        'San Diego',
        'CA'
    ),
    (
        'photo7.jpg',
        123456789014,
        'password_hash',
        'sophia.martinez@example.com',
        9876543212,
        'Sophia Martinez',
        '789 Elm St',
        'Miami',
        'FL'
    ),
    (
        'photo8.jpg',
        987654321098,
        'password_hash',
        'james.anderson@example.com',
        8765432109,
        'James Anderson',
        '456 Main St',
        'Houston',
        'TX'
    ),
    (
        'photo9.jpg',
        456789012345,
        'password_hash',
        'olivia.taylor@example.com',
        7654321098,
        'Olivia Taylor',
        '123 Park Ave',
        'Philadelphia',
        'PA'
    ),
    (
        'photo10.jpg',
        123456789015,
        'password_hash',
        'liam.thomas@example.com',
        9876543213,
        'Liam Thomas',
        '789 Pine St',
        'Seattle',
        'WA'
    ),
    (
        'photo11.jpg',
        987654321101,
        'password_hash',
        'ava.white@example.com',
        9123456786,
        'Ava White',
        '456 Blue Ave',
        'Las Vegas',
        'NV'
    ),
    (
        'photo12.jpg',
        654321987657,
        'password_hash',
        'noah.harris@example.com',
        9988776652,
        'Noah Harris',
        '789 Lotus Apartments',
        'Phoenix',
        'AZ'
    ),
    (
        'photo13.jpg',
        123456789016,
        'password_hash',
        'isabella.clark@example.com',
        9876543214,
        'Isabella Clark',
        '123 Green St',
        'Minneapolis',
        'MN'
    );

INSERT INTO
    ticket (
        complainant_name,
        public_id,
        crime_type,
        crime_description,
        crime_location,
        city,
        state,
        crime_date,
        status
    )
VALUES
    (
        'John Doe',
        1,
        'Theft',
        'Stolen wallet from the park',
        'Central Park',
        'New York',
        'NY',
        '2024-09-01',
        'Pending'
    ),
    (
        'Jane Smith',
        2,
        'Vandalism',
        'Graffiti on public property',
        'Main Street',
        'Los Angeles',
        'CA',
        '2024-09-10',
        'In Progress'
    ),
    (
        'Alex Johnson',
        3,
        'Assault',
        'Physical altercation in a bar',
        '5th Avenue',
        'Chicago',
        'IL',
        '2024-09-15',
        'Resolved'
    ),
    (
        'Michael Brown',
        4,
        'Burglary',
        'Break-in at a residential property',
        'Sunset Boulevard',
        'Los Angeles',
        'CA',
        '2024-09-20',
        'Pending'
    ),
    (
        'Emily Davis',
        5,
        'Cyber Crime',
        'Unauthorized access to personal data',
        'Tech Park',
        'San Francisco',
        'CA',
        '2024-09-25',
        'In Progress'
    ),
    (
        'David Wilson',
        6,
        'Hit and Run',
        'Vehicle collision with pedestrian, driver fled the scene',
        'Highway 101',
        'San Diego',
        'CA',
        '2024-09-30',
        'Pending'
    ),
    (
        'Sophia Martinez',
        7,
        'Fraud',
        'Scam involving fake investment schemes',
        'Downtown',
        'Miami',
        'FL',
        '2024-10-05',
        'Resolved'
    ),
    (
        'James Anderson',
        8,
        'Arson',
        'Deliberate fire set at a warehouse',
        'Industrial Area',
        'Houston',
        'TX',
        '2024-10-10',
        'In Progress'
    ),
    (
        'Olivia Taylor',
        9,
        'Robbery',
        'Armed robbery at a convenience store',
        'Market Street',
        'Philadelphia',
        'PA',
        '2024-10-15',
        'Pending'
    ),
    (
        'Liam Thomas',
        10,
        'Vandalism',
        'Damage to public park benches and playground equipment',
        'Greenwood Park',
        'Seattle',
        'WA',
        '2024-10-20',
        'Resolved'
    ),
    (
        'Ava White',
        11,
        'Assault',
        'Physical altercation during a public event',
        'Convention Center',
        'Las Vegas',
        'NV',
        '2024-10-25',
        'In Progress'
    ),
    (
        'Noah Harris',
        12,
        'Drug Possession',
        'Caught with illegal substances during a traffic stop',
        'Main Highway',
        'Phoenix',
        'AZ',
        '2024-10-30',
        'Pending'
    ),
    (
        'Isabella Clark',
        13,
        'Theft',
        'Shoplifting incident at a retail store',
        'Mall of America',
        'Minneapolis',
        'MN',
        '2024-11-01',
        'Resolved'
    );
